model_key,threshold,mask_length,n_prog,n_detected,n_early,n_at_conv,n_late,n_missed,sensitivity,specificity,mean_lead_time,median_lead_time,mean_net_lead_time,median_net_lead_time,false_alarm_rate,n_ctrl,n_false_alarm
CN_MCI_seed104,0.3,0,119,110,34,71,5,9,0.9243697478991597,0.8136882129277566,32.527058823529416,26.695,9.282454545454545,0.0,0.18631178707224336,526,98
CN_MCI_seed104,0.3,1,119,110,34,71,5,9,0.9243697478991597,0.8412698412698413,32.527058823529416,26.695,9.282454545454545,0.0,0.15873015873015872,378,60
CN_MCI_seed104,0.3,2,119,110,34,71,5,9,0.9243697478991597,0.8741258741258742,32.527058823529416,26.695,9.282454545454545,0.0,0.1258741258741259,286,36
CN_MCI_seed104,0.3,3,119,110,34,71,5,9,0.9243697478991597,0.880184331797235,32.527058823529416,26.695,9.282454545454545,0.0,0.11981566820276497,217,26
CN_MCI_seed104,0.4,0,119,109,30,73,6,10,0.9159663865546218,0.8307984790874525,34.35666666666667,29.15,8.521100917431193,0.0,0.16920152091254753,526,89
CN_MCI_seed104,0.4,1,119,109,30,73,6,10,0.9159663865546218,0.8544973544973545,34.35666666666667,29.15,8.521100917431193,0.0,0.1455026455026455,378,55
CN_MCI_seed104,0.4,2,119,109,30,73,6,10,0.9159663865546218,0.8951048951048951,34.35666666666667,29.15,8.521100917431193,0.0,0.1048951048951049,286,30
CN_MCI_seed104,0.4,3,119,109,30,73,6,10,0.9159663865546218,0.9032258064516129,34.35666666666667,29.15,8.521100917431193,0.0,0.0967741935483871,217,21
CN_MCI_seed104,0.5,0,119,106,27,72,7,13,0.8907563025210085,0.8536121673003803,34.54444444444445,27.340000000000003,7.499905660377358,0.0,0.14638783269961977,526,77
CN_MCI_seed104,0.5,1,119,106,27,72,7,13,0.8907563025210085,0.8703703703703703,34.54444444444445,27.340000000000003,7.499905660377358,0.0,0.12962962962962962,378,49
CN_MCI_seed104,0.5,2,119,106,27,72,7,13,0.8907563025210085,0.8951048951048951,34.54444444444445,27.340000000000003,7.499905660377358,0.0,0.1048951048951049,286,30
CN_MCI_seed104,0.5,3,119,106,27,72,7,13,0.8907563025210085,0.9078341013824884,34.54444444444445,27.340000000000003,7.499905660377358,0.0,0.09216589861751152,217,20
CN_MCI_seed104,0.6,0,119,103,25,71,7,16,0.865546218487395,0.8783269961977186,32.3016,26.839999999999996,6.577572815533981,0.0,0.12167300380228137,526,64
CN_MCI_seed104,0.6,1,119,103,25,71,7,16,0.865546218487395,0.8888888888888888,32.3016,26.839999999999996,6.577572815533981,0.0,0.1111111111111111,378,42
CN_MCI_seed104,0.6,2,119,103,25,71,7,16,0.865546218487395,0.9125874125874126,32.3016,26.839999999999996,6.577572815533981,0.0,0.08741258741258741,286,25
CN_MCI_seed104,0.6,3,119,103,25,71,7,16,0.865546218487395,0.9400921658986175,32.3016,26.839999999999996,6.577572815533981,0.0,0.059907834101382486,217,13
CN_MCI_seed104,0.7,0,119,100,23,63,14,19,0.8403361344537815,0.9201520912547528,31.72826086956522,26.839999999999996,4.4298,0.0,0.07984790874524715,526,42
CN_MCI_seed104,0.7,1,119,100,23,63,14,19,0.8403361344537815,0.9285714285714286,31.72826086956522,26.839999999999996,4.4298,0.0,0.07142857142857142,378,27
CN_MCI_seed104,0.7,2,119,100,23,63,14,19,0.8403361344537815,0.9440559440559441,31.72826086956522,26.839999999999996,4.4298,0.0,0.055944055944055944,286,16
CN_MCI_seed104,0.7,3,119,100,23,63,14,19,0.8403361344537815,0.9631336405529954,31.72826086956522,26.839999999999996,4.4298,0.0,0.03686635944700461,217,8
CN_MCI_seed114,0.3,0,119,109,33,70,6,10,0.9159663865546218,0.8136882129277566,32.78212121212121,27.340000000000003,8.99,0.0,0.18631178707224336,526,98
CN_MCI_seed114,0.3,1,119,109,33,70,6,10,0.9159663865546218,0.8412698412698413,32.78212121212121,27.340000000000003,8.99,0.0,0.15873015873015872,378,60
CN_MCI_seed114,0.3,2,119,109,33,70,6,10,0.9159663865546218,0.8741258741258742,32.78212121212121,27.340000000000003,8.99,0.0,0.1258741258741259,286,36
CN_MCI_seed114,0.3,3,119,109,33,70,6,10,0.9159663865546218,0.8847926267281105,32.78212121212121,27.340000000000003,8.99,0.0,0.1152073732718894,217,25
CN_MCI_seed114,0.4,0,119,109,30,73,6,10,0.9159663865546218,0.8269961977186312,33.857,28.040000000000003,8.383577981651376,0.0,0.17300380228136883,526,91
CN_MCI_seed114,0.4,1,119,109,30,73,6,10,0.9159663865546218,0.8518518518518519,33.857,28.040000000000003,8.383577981651376,0.0,0.14814814814814814,378,56
CN_MCI_seed114,0.4,2,119,109,30,73,6,10,0.9159663865546218,0.8916083916083917,33.857,28.040000000000003,8.383577981651376,0.0,0.10839160839160839,286,31
CN_MCI_seed114,0.4,3,119,109,30,73,6,10,0.9159663865546218,0.9078341013824884,33.857,28.040000000000003,8.383577981651376,0.0,0.09216589861751152,217,20
CN_MCI_seed114,0.5,0,119,109,30,73,6,10,0.9159663865546218,0.844106463878327,33.32933333333333,26.695,8.238348623853211,0.0,0.155893536121673,526,82
CN_MCI_seed114,0.5,1,119,109,30,73,6,10,0.9159663865546218,0.8597883597883598,33.32933333333333,26.695,8.238348623853211,0.0,0.1402116402116402,378,53
CN_MCI_seed114,0.5,2,119,109,30,73,6,10,0.9159663865546218,0.8951048951048951,33.32933333333333,26.695,8.238348623853211,0.0,0.1048951048951049,286,30
CN_MCI_seed114,0.5,3,119,109,30,73,6,10,0.9159663865546218,0.9078341013824884,33.32933333333333,26.695,8.238348623853211,0.0,0.09216589861751152,217,20
CN_MCI_seed114,0.6,0,119,105,25,72,8,14,0.8823529411764706,0.876425855513308,34.312,27.990000000000002,6.850190476190476,0.0,0.12357414448669202,526,65
CN_MCI_seed114,0.6,1,119,105,25,72,8,14,0.8823529411764706,0.8915343915343915,34.312,27.990000000000002,6.850190476190476,0.0,0.10846560846560846,378,41
CN_MCI_seed114,0.6,2,119,105,25,72,8,14,0.8823529411764706,0.9125874125874126,34.312,27.990000000000002,6.850190476190476,0.0,0.08741258741258741,286,25
CN_MCI_seed114,0.6,3,119,105,25,72,8,14,0.8823529411764706,0.9262672811059908,34.312,27.990000000000002,6.850190476190476,0.0,0.07373271889400922,217,16
CN_MCI_seed114,0.7,0,119,100,23,65,12,19,0.8403361344537815,0.9220532319391634,29.16695652173913,25.989999999999995,4.4449000000000005,0.0,0.0779467680608365,526,41
CN_MCI_seed114,0.7,1,119,100,23,65,12,19,0.8403361344537815,0.9285714285714286,29.16695652173913,25.989999999999995,4.4449000000000005,0.0,0.07142857142857142,378,27
CN_MCI_seed114,0.7,2,119,100,23,65,12,19,0.8403361344537815,0.9440559440559441,29.16695652173913,25.989999999999995,4.4449000000000005,0.0,0.055944055944055944,286,16
CN_MCI_seed114,0.7,3,119,100,23,65,12,19,0.8403361344537815,0.967741935483871,29.16695652173913,25.989999999999995,4.4449000000000005,0.0,0.03225806451612903,217,7
CN_MCI_seed142,0.3,0,119,110,32,74,4,9,0.9243697478991597,0.8098859315589354,32.844375,26.695,8.927272727272728,0.0,0.19011406844106463,526,100
CN_MCI_seed142,0.3,1,119,110,32,74,4,9,0.9243697478991597,0.8333333333333334,32.844375,26.695,8.927272727272728,0.0,0.16666666666666666,378,63
CN_MCI_seed142,0.3,2,119,110,32,74,4,9,0.9243697478991597,0.8706293706293706,32.844375,26.695,8.927272727272728,0.0,0.12937062937062938,286,37
CN_MCI_seed142,0.3,3,119,110,32,74,4,9,0.9243697478991597,0.880184331797235,32.844375,26.695,8.927272727272728,0.0,0.11981566820276497,217,26
CN_MCI_seed142,0.4,0,119,109,30,73,6,10,0.9159663865546218,0.8346007604562737,33.24666666666666,26.695,8.215596330275229,0.0,0.16539923954372623,526,87
CN_MCI_seed142,0.4,1,119,109,30,73,6,10,0.9159663865546218,0.8624338624338624,33.24666666666666,26.695,8.215596330275229,0.0,0.13756613756613756,378,52
CN_MCI_seed142,0.4,2,119,109,30,73,6,10,0.9159663865546218,0.8916083916083917,33.24666666666666,26.695,8.215596330275229,0.0,0.10839160839160839,286,31
CN_MCI_seed142,0.4,3,119,109,30,73,6,10,0.9159663865546218,0.8986175115207373,33.24666666666666,26.695,8.215596330275229,0.0,0.10138248847926268,217,22
CN_MCI_seed142,0.5,0,119,107,26,73,8,12,0.8991596638655462,0.8403041825095057,35.35115384615385,28.450000000000003,7.295327102803738,0.0,0.1596958174904943,526,84
CN_MCI_seed142,0.5,1,119,107,26,73,8,12,0.8991596638655462,0.8703703703703703,35.35115384615385,28.450000000000003,7.295327102803738,0.0,0.12962962962962962,378,49
CN_MCI_seed142,0.5,2,119,107,26,73,8,12,0.8991596638655462,0.8951048951048951,35.35115384615385,28.450000000000003,7.295327102803738,0.0,0.1048951048951049,286,30
CN_MCI_seed142,0.5,3,119,107,26,73,8,12,0.8991596638655462,0.9124423963133641,35.35115384615385,28.450000000000003,7.295327102803738,0.0,0.08755760368663594,217,19
CN_MCI_seed142,0.6,0,119,105,25,71,9,14,0.8823529411764706,0.8878326996197718,32.3016,26.839999999999996,6.124666666666667,0.0,0.11216730038022814,526,59
CN_MCI_seed142,0.6,1,119,105,25,71,9,14,0.8823529411764706,0.91005291005291,32.3016,26.839999999999996,6.124666666666667,0.0,0.08994708994708994,378,34
CN_MCI_seed142,0.6,2,119,105,25,71,9,14,0.8823529411764706,0.9300699300699301,32.3016,26.839999999999996,6.124666666666667,0.0,0.06993006993006994,286,20
CN_MCI_seed142,0.6,3,119,105,25,71,9,14,0.8823529411764706,0.9400921658986175,32.3016,26.839999999999996,6.124666666666667,0.0,0.059907834101382486,217,13
CN_MCI_seed142,0.7,0,119,101,24,62,15,18,0.8487394957983193,0.9125475285171103,30.9525,26.414999999999996,4.430495049504951,0.0,0.08745247148288973,526,46
CN_MCI_seed142,0.7,1,119,101,24,62,15,18,0.8487394957983193,0.9285714285714286,30.9525,26.414999999999996,4.430495049504951,0.0,0.07142857142857142,378,27
CN_MCI_seed142,0.7,2,119,101,24,62,15,18,0.8487394957983193,0.9405594405594405,30.9525,26.414999999999996,4.430495049504951,0.0,0.05944055944055944,286,17
CN_MCI_seed142,0.7,3,119,101,24,62,15,18,0.8487394957983193,0.9631336405529954,30.9525,26.414999999999996,4.430495049504951,0.0,0.03686635944700461,217,8
CN_MCI_seed228,0.3,0,119,108,30,72,6,11,0.907563025210084,0.8307984790874525,34.406,29.15,8.613703703703704,0.0,0.16920152091254753,526,89
CN_MCI_seed228,0.3,1,119,108,30,72,6,11,0.907563025210084,0.8571428571428572,34.406,29.15,8.613703703703704,0.0,0.14285714285714285,378,54
CN_MCI_seed228,0.3,2,119,108,30,72,6,11,0.907563025210084,0.8846153846153846,34.406,29.15,8.613703703703704,0.0,0.11538461538461539,286,33
CN_MCI_seed228,0.3,3,119,108,30,72,6,11,0.907563025210084,0.8940092165898618,34.406,29.15,8.613703703703704,0.0,0.10599078341013825,217,23
CN_MCI_seed228,0.4,0,119,107,27,73,7,12,0.8991596638655462,0.8479087452471483,34.504074074074076,27.340000000000003,7.524672897196263,0.0,0.1520912547528517,526,80
CN_MCI_seed228,0.4,1,119,107,27,73,7,12,0.8991596638655462,0.8677248677248677,34.504074074074076,27.340000000000003,7.524672897196263,0.0,0.13227513227513227,378,50
CN_MCI_seed228,0.4,2,119,107,27,73,7,12,0.8991596638655462,0.8916083916083917,34.504074074074076,27.340000000000003,7.524672897196263,0.0,0.10839160839160839,286,31
CN_MCI_seed228,0.4,3,119,107,27,73,7,12,0.8991596638655462,0.9170506912442397,34.504074074074076,27.340000000000003,7.524672897196263,0.0,0.08294930875576037,217,18
CN_MCI_seed228,0.5,0,119,103,26,68,9,16,0.865546218487395,0.8802281368821293,33.95769230769231,28.450000000000003,6.929223300970874,0.0,0.11977186311787072,526,63
CN_MCI_seed228,0.5,1,119,103,26,68,9,16,0.865546218487395,0.8994708994708995,33.95769230769231,28.450000000000003,6.929223300970874,0.0,0.10052910052910052,378,38
CN_MCI_seed228,0.5,2,119,103,26,68,9,16,0.865546218487395,0.9195804195804196,33.95769230769231,28.450000000000003,6.929223300970874,0.0,0.08041958041958042,286,23
CN_MCI_seed228,0.5,3,119,103,26,68,9,16,0.865546218487395,0.9493087557603687,33.95769230769231,28.450000000000003,6.929223300970874,0.0,0.05069124423963134,217,11
CN_MCI_seed228,0.6,0,119,100,23,66,11,19,0.8403361344537815,0.9182509505703422,33.29478260869565,27.529999999999998,5.6873000000000005,0.0,0.0817490494296578,526,43
CN_MCI_seed228,0.6,1,119,100,23,66,11,19,0.8403361344537815,0.9338624338624338,33.29478260869565,27.529999999999998,5.6873000000000005,0.0,0.06613756613756613,378,25
CN_MCI_seed228,0.6,2,119,100,23,66,11,19,0.8403361344537815,0.9475524475524475,33.29478260869565,27.529999999999998,5.6873000000000005,0.0,0.05244755244755245,286,15
CN_MCI_seed228,0.6,3,119,100,23,66,11,19,0.8403361344537815,0.9631336405529954,33.29478260869565,27.529999999999998,5.6873000000000005,0.0,0.03686635944700461,217,8
CN_MCI_seed228,0.7,0,119,98,20,59,19,21,0.8235294117647058,0.94106463878327,31.583500000000004,25.854999999999997,2.5862244897959186,0.0,0.058935361216730035,526,31
CN_MCI_seed228,0.7,1,119,98,20,59,19,21,0.8235294117647058,0.9497354497354498,31.583500000000004,25.854999999999997,2.5862244897959186,0.0,0.05026455026455026,378,19
CN_MCI_seed228,0.7,2,119,98,20,59,19,21,0.8235294117647058,0.965034965034965,31.583500000000004,25.854999999999997,2.5862244897959186,0.0,0.03496503496503497,286,10
CN_MCI_seed228,0.7,3,119,98,20,59,19,21,0.8235294117647058,0.9815668202764977,31.583500000000004,25.854999999999997,2.5862244897959186,0.0,0.018433179723502304,217,4
CN_MCI_seed25,0.3,0,119,110,31,75,4,9,0.9243697478991597,0.8098859315589354,34.02612903225806,28.740000000000002,8.945636363636364,0.0,0.19011406844106463,526,100
CN_MCI_seed25,0.3,1,119,110,31,75,4,9,0.9243697478991597,0.8412698412698413,34.02612903225806,28.740000000000002,8.945636363636364,0.0,0.15873015873015872,378,60
CN_MCI_seed25,0.3,2,119,110,31,75,4,9,0.9243697478991597,0.8776223776223776,34.02612903225806,28.740000000000002,8.945636363636364,0.0,0.12237762237762238,286,35
CN_MCI_seed25,0.3,3,119,110,31,75,4,9,0.9243697478991597,0.8847926267281105,34.02612903225806,28.740000000000002,8.945636363636364,0.0,0.1152073732718894,217,25
CN_MCI_seed25,0.4,0,119,109,30,73,6,10,0.9159663865546218,0.8269961977186312,33.32933333333333,26.695,8.238348623853211,0.0,0.17300380228136883,526,91
CN_MCI_seed25,0.4,1,119,109,30,73,6,10,0.9159663865546218,0.8492063492063492,33.32933333333333,26.695,8.238348623853211,0.0,0.15079365079365079,378,57
CN_MCI_seed25,0.4,2,119,109,30,73,6,10,0.9159663865546218,0.8916083916083917,33.32933333333333,26.695,8.238348623853211,0.0,0.10839160839160839,286,31
CN_MCI_seed25,0.4,3,119,109,30,73,6,10,0.9159663865546218,0.9078341013824884,33.32933333333333,26.695,8.238348623853211,0.0,0.09216589861751152,217,20
CN_MCI_seed25,0.5,0,119,107,27,73,7,12,0.8991596638655462,0.8479087452471483,34.25481481481482,27.340000000000003,7.450373831775702,0.0,0.1520912547528517,526,80
CN_MCI_seed25,0.5,1,119,107,27,73,7,12,0.8991596638655462,0.8677248677248677,34.25481481481482,27.340000000000003,7.450373831775702,0.0,0.13227513227513227,378,50
CN_MCI_seed25,0.5,2,119,107,27,73,7,12,0.8991596638655462,0.8951048951048951,34.25481481481482,27.340000000000003,7.450373831775702,0.0,0.1048951048951049,286,30
CN_MCI_seed25,0.5,3,119,107,27,73,7,12,0.8991596638655462,0.9170506912442397,34.25481481481482,27.340000000000003,7.450373831775702,0.0,0.08294930875576037,217,18
CN_MCI_seed25,0.6,0,119,102,25,68,9,17,0.8571428571428571,0.8802281368821293,33.7428,27.340000000000003,6.717058823529412,0.0,0.11977186311787072,526,63
CN_MCI_seed25,0.6,1,119,102,25,68,9,17,0.8571428571428571,0.9074074074074074,33.7428,27.340000000000003,6.717058823529412,0.0,0.09259259259259259,378,35
CN_MCI_seed25,0.6,2,119,102,25,68,9,17,0.8571428571428571,0.9265734265734266,33.7428,27.340000000000003,6.717058823529412,0.0,0.07342657342657342,286,21
CN_MCI_seed25,0.6,3,119,102,25,68,9,17,0.8571428571428571,0.9493087557603687,33.7428,27.340000000000003,6.717058823529412,0.0,0.05069124423963134,217,11
CN_MCI_seed25,0.7,0,119,100,22,63,15,19,0.8403361344537815,0.9277566539923955,28.521818181818187,25.409999999999997,3.4484000000000004,0.0,0.07224334600760456,526,38
CN_MCI_seed25,0.7,1,119,100,22,63,15,19,0.8403361344537815,0.9391534391534392,28.521818181818187,25.409999999999997,3.4484000000000004,0.0,0.06084656084656084,378,23
CN_MCI_seed25,0.7,2,119,100,22,63,15,19,0.8403361344537815,0.958041958041958,28.521818181818187,25.409999999999997,3.4484000000000004,0.0,0.04195804195804196,286,12
CN_MCI_seed25,0.7,3,119,100,22,63,15,19,0.8403361344537815,0.967741935483871,28.521818181818187,25.409999999999997,3.4484000000000004,0.0,0.03225806451612903,217,7
CN_MCI_seed250,0.3,0,119,110,33,72,5,9,0.9243697478991597,0.8022813688212928,33.13454545454545,27.340000000000003,9.168999999999999,0.0,0.19771863117870722,526,104
CN_MCI_seed250,0.3,1,119,110,33,72,5,9,0.9243697478991597,0.8333333333333334,33.13454545454545,27.340000000000003,9.168999999999999,0.0,0.16666666666666666,378,63
CN_MCI_seed250,0.3,2,119,110,33,72,5,9,0.9243697478991597,0.8671328671328671,33.13454545454545,27.340000000000003,9.168999999999999,0.0,0.13286713286713286,286,38
CN_MCI_seed250,0.3,3,119,110,33,72,5,9,0.9243697478991597,0.8755760368663594,33.13454545454545,27.340000000000003,9.168999999999999,0.0,0.12442396313364056,217,27
CN_MCI_seed250,0.4,0,119,109,32,72,5,10,0.9159663865546218,0.8231939163498099,33.416562500000005,28.040000000000003,9.031926605504587,0.0,0.17680608365019013,526,93
CN_MCI_seed250,0.4,1,119,109,32,72,5,10,0.9159663865546218,0.8465608465608465,33.416562500000005,28.040000000000003,9.031926605504587,0.0,0.15343915343915343,378,58
CN_MCI_seed250,0.4,2,119,109,32,72,5,10,0.9159663865546218,0.8811188811188811,33.416562500000005,28.040000000000003,9.031926605504587,0.0,0.11888111888111888,286,34
CN_MCI_seed250,0.4,3,119,109,32,72,5,10,0.9159663865546218,0.8894009216589862,33.416562500000005,28.040000000000003,9.031926605504587,0.0,0.11059907834101383,217,24
CN_MCI_seed250,0.5,0,119,108,28,74,6,11,0.907563025210084,0.8346007604562737,34.33714285714286,28.040000000000003,7.958703703703703,0.0,0.16539923954372623,526,87
CN_MCI_seed250,0.5,1,119,108,28,74,6,11,0.907563025210084,0.8597883597883598,34.33714285714286,28.040000000000003,7.958703703703703,0.0,0.1402116402116402,378,53
CN_MCI_seed250,0.5,2,119,108,28,74,6,11,0.907563025210084,0.8916083916083917,34.33714285714286,28.040000000000003,7.958703703703703,0.0,0.10839160839160839,286,31
CN_MCI_seed250,0.5,3,119,108,28,74,6,11,0.907563025210084,0.9124423963133641,34.33714285714286,28.040000000000003,7.958703703703703,0.0,0.08755760368663594,217,19
CN_MCI_seed250,0.6,0,119,103,26,68,9,16,0.865546218487395,0.876425855513308,34.410000000000004,27.665000000000003,7.163106796116504,0.0,0.12357414448669202,526,65
CN_MCI_seed250,0.6,1,119,103,26,68,9,16,0.865546218487395,0.8888888888888888,34.410000000000004,27.665000000000003,7.163106796116504,0.0,0.1111111111111111,378,42
CN_MCI_seed250,0.6,2,119,103,26,68,9,16,0.865546218487395,0.9090909090909091,34.410000000000004,27.665000000000003,7.163106796116504,0.0,0.09090909090909091,286,26
CN_MCI_seed250,0.6,3,119,103,26,68,9,16,0.865546218487395,0.9262672811059908,34.410000000000004,27.665000000000003,7.163106796116504,0.0,0.07373271889400922,217,16
CN_MCI_seed250,0.7,0,119,99,23,63,13,20,0.8319327731092437,0.9182509505703422,29.129565217391306,25.989999999999995,3.965656565656566,0.0,0.0817490494296578,526,43
CN_MCI_seed250,0.7,1,119,99,23,63,13,20,0.8319327731092437,0.9338624338624338,29.129565217391306,25.989999999999995,3.965656565656566,0.0,0.06613756613756613,378,25
CN_MCI_seed250,0.7,2,119,99,23,63,13,20,0.8319327731092437,0.9545454545454546,29.129565217391306,25.989999999999995,3.965656565656566,0.0,0.045454545454545456,286,13
CN_MCI_seed250,0.7,3,119,99,23,63,13,20,0.8319327731092437,0.9631336405529954,29.129565217391306,25.989999999999995,3.965656565656566,0.0,0.03686635944700461,217,8
CN_MCI_seed281,0.3,0,119,110,32,73,5,9,0.9243697478991597,0.8193916349809887,33.38375,28.040000000000003,8.929181818181817,0.0,0.1806083650190114,526,95
CN_MCI_seed281,0.3,1,119,110,32,73,5,9,0.9243697478991597,0.8518518518518519,33.38375,28.040000000000003,8.929181818181817,0.0,0.14814814814814814,378,56
CN_MCI_seed281,0.3,2,119,110,32,73,5,9,0.9243697478991597,0.8811188811188811,33.38375,28.040000000000003,8.929181818181817,0.0,0.11888111888111888,286,34
CN_MCI_seed281,0.3,3,119,110,32,73,5,9,0.9243697478991597,0.8894009216589862,33.38375,28.040000000000003,8.929181818181817,0.0,0.11059907834101383,217,24
CN_MCI_seed281,0.4,0,119,108,30,72,6,11,0.907563025210084,0.8326996197718631,32.461,26.665,8.073425925925925,0.0,0.16730038022813687,526,88
CN_MCI_seed281,0.4,1,119,108,30,72,6,11,0.907563025210084,0.8597883597883598,32.461,26.665,8.073425925925925,0.0,0.1402116402116402,378,53
CN_MCI_seed281,0.4,2,119,108,30,72,6,11,0.907563025210084,0.8916083916083917,32.461,26.665,8.073425925925925,0.0,0.10839160839160839,286,31
CN_MCI_seed281,0.4,3,119,108,30,72,6,11,0.907563025210084,0.9032258064516129,32.461,26.665,8.073425925925925,0.0,0.0967741935483871,217,21
CN_MCI_seed281,0.5,0,119,107,27,73,7,12,0.8991596638655462,0.8650190114068441,33.98703703703704,27.340000000000003,7.3942056074766365,0.0,0.13498098859315588,526,71
CN_MCI_seed281,0.5,1,119,107,27,73,7,12,0.8991596638655462,0.8756613756613757,33.98703703703704,27.340000000000003,7.3942056074766365,0.0,0.12433862433862433,378,47
CN_MCI_seed281,0.5,2,119,107,27,73,7,12,0.8991596638655462,0.9055944055944056,33.98703703703704,27.340000000000003,7.3942056074766365,0.0,0.0944055944055944,286,27
CN_MCI_seed281,0.5,3,119,107,27,73,7,12,0.8991596638655462,0.9262672811059908,33.98703703703704,27.340000000000003,7.3942056074766365,0.0,0.07373271889400922,217,16
CN_MCI_seed281,0.6,0,119,105,26,68,11,14,0.8823529411764706,0.8935361216730038,33.89692307692308,27.665000000000003,6.422761904761905,0.0,0.10646387832699619,526,56
CN_MCI_seed281,0.6,1,119,105,26,68,11,14,0.8823529411764706,0.9074074074074074,33.89692307692308,27.665000000000003,6.422761904761905,0.0,0.09259259259259259,378,35
CN_MCI_seed281,0.6,2,119,105,26,68,11,14,0.8823529411764706,0.9335664335664335,33.89692307692308,27.665000000000003,6.422761904761905,0.0,0.06643356643356643,286,19
CN_MCI_seed281,0.6,3,119,105,26,68,11,14,0.8823529411764706,0.9539170506912442,33.89692307692308,27.665000000000003,6.422761904761905,0.0,0.04608294930875576,217,10
CN_MCI_seed281,0.7,0,119,100,23,63,14,19,0.8403361344537815,0.9239543726235742,31.62826086956522,25.989999999999995,4.4033,0.0,0.07604562737642585,526,40
CN_MCI_seed281,0.7,1,119,100,23,63,14,19,0.8403361344537815,0.9365079365079365,31.62826086956522,25.989999999999995,4.4033,0.0,0.06349206349206349,378,24
CN_MCI_seed281,0.7,2,119,100,23,63,14,19,0.8403361344537815,0.951048951048951,31.62826086956522,25.989999999999995,4.4033,0.0,0.04895104895104895,286,14
CN_MCI_seed281,0.7,3,119,100,23,63,14,19,0.8403361344537815,0.9585253456221198,31.62826086956522,25.989999999999995,4.4033,0.0,0.041474654377880185,217,9
CN_MCI_seed654,0.3,0,119,109,32,71,6,10,0.9159663865546218,0.8136882129277566,32.844375,26.695,8.707522935779817,0.0,0.18631178707224336,526,98
CN_MCI_seed654,0.3,1,119,109,32,71,6,10,0.9159663865546218,0.8386243386243386,32.844375,26.695,8.707522935779817,0.0,0.16137566137566137,378,61
CN_MCI_seed654,0.3,2,119,109,32,71,6,10,0.9159663865546218,0.8741258741258742,32.844375,26.695,8.707522935779817,0.0,0.1258741258741259,286,36
CN_MCI_seed654,0.3,3,119,109,32,71,6,10,0.9159663865546218,0.880184331797235,32.844375,26.695,8.707522935779817,0.0,0.11981566820276497,217,26
CN_MCI_seed654,0.4,0,119,108,27,75,6,11,0.907563025210084,0.8384030418250951,35.1062962962963,28.740000000000002,7.833055555555556,0.0,0.16159695817490494,526,85
CN_MCI_seed654,0.4,1,119,108,27,75,6,11,0.907563025210084,0.8571428571428572,35.1062962962963,28.740000000000002,7.833055555555556,0.0,0.14285714285714285,378,54
CN_MCI_seed654,0.4,2,119,108,27,75,6,11,0.907563025210084,0.8881118881118881,35.1062962962963,28.740000000000002,7.833055555555556,0.0,0.11188811188811189,286,32
CN_MCI_seed654,0.4,3,119,108,27,75,6,11,0.907563025210084,0.9032258064516129,35.1062962962963,28.740000000000002,7.833055555555556,0.0,0.0967741935483871,217,21
CN_MCI_seed654,0.5,0,119,107,26,73,8,12,0.8991596638655462,0.8593155893536122,34.00961538461539,27.665000000000003,6.969345794392524,0.0,0.14068441064638784,526,74
CN_MCI_seed654,0.5,1,119,107,26,73,8,12,0.8991596638655462,0.873015873015873,34.00961538461539,27.665000000000003,6.969345794392524,0.0,0.12698412698412698,378,48
CN_MCI_seed654,0.5,2,119,107,26,73,8,12,0.8991596638655462,0.9020979020979021,34.00961538461539,27.665000000000003,6.969345794392524,0.0,0.0979020979020979,286,28
CN_MCI_seed654,0.5,3,119,107,26,73,8,12,0.8991596638655462,0.9170506912442397,34.00961538461539,27.665000000000003,6.969345794392524,0.0,0.08294930875576037,217,18
CN_MCI_seed654,0.6,0,119,100,24,66,10,19,0.8403361344537815,0.8973384030418251,33.03,27.09,6.142800000000001,0.0,0.10266159695817491,526,54
CN_MCI_seed654,0.6,1,119,100,24,66,10,19,0.8403361344537815,0.91005291005291,33.03,27.09,6.142800000000001,0.0,0.08994708994708994,378,34
CN_MCI_seed654,0.6,2,119,100,24,66,10,19,0.8403361344537815,0.9300699300699301,33.03,27.09,6.142800000000001,0.0,0.06993006993006994,286,20
CN_MCI_seed654,0.6,3,119,100,24,66,10,19,0.8403361344537815,0.9493087557603687,33.03,27.09,6.142800000000001,0.0,0.05069124423963134,217,11
CN_MCI_seed654,0.7,0,119,100,22,63,15,19,0.8403361344537815,0.9220532319391634,26.907727272727268,25.185000000000002,3.0342000000000002,0.0,0.0779467680608365,526,41
CN_MCI_seed654,0.7,1,119,100,22,63,15,19,0.8403361344537815,0.9391534391534392,26.907727272727268,25.185000000000002,3.0342000000000002,0.0,0.06084656084656084,378,23
CN_MCI_seed654,0.7,2,119,100,22,63,15,19,0.8403361344537815,0.9545454545454546,26.907727272727268,25.185000000000002,3.0342000000000002,0.0,0.045454545454545456,286,13
CN_MCI_seed654,0.7,3,119,100,22,63,15,19,0.8403361344537815,0.967741935483871,26.907727272727268,25.185000000000002,3.0342000000000002,0.0,0.03225806451612903,217,7
CN_MCI_seed754,0.3,0,119,109,30,75,4,10,0.9159663865546218,0.8136882129277566,33.857,28.040000000000003,8.668990825688073,0.0,0.18631178707224336,526,98
CN_MCI_seed754,0.3,1,119,109,30,75,4,10,0.9159663865546218,0.843915343915344,33.857,28.040000000000003,8.668990825688073,0.0,0.15608465608465608,378,59
CN_MCI_seed754,0.3,2,119,109,30,75,4,10,0.9159663865546218,0.8776223776223776,33.857,28.040000000000003,8.668990825688073,0.0,0.12237762237762238,286,35
CN_MCI_seed754,0.3,3,119,109,30,75,4,10,0.9159663865546218,0.8940092165898618,33.857,28.040000000000003,8.668990825688073,0.0,0.10599078341013825,217,23
CN_MCI_seed754,0.4,0,119,108,30,72,6,11,0.907563025210084,0.8422053231939164,33.041333333333334,27.665000000000003,8.234629629629628,0.0,0.15779467680608364,526,83
CN_MCI_seed754,0.4,1,119,108,30,72,6,11,0.907563025210084,0.8624338624338624,33.041333333333334,27.665000000000003,8.234629629629628,0.0,0.13756613756613756,378,52
CN_MCI_seed754,0.4,2,119,108,30,72,6,11,0.907563025210084,0.8916083916083917,33.041333333333334,27.665000000000003,8.234629629629628,0.0,0.10839160839160839,286,31
CN_MCI_seed754,0.4,3,119,108,30,72,6,11,0.907563025210084,0.9032258064516129,33.041333333333334,27.665000000000003,8.234629629629628,0.0,0.0967741935483871,217,21
CN_MCI_seed754,0.5,0,119,108,30,71,7,11,0.907563025210084,0.8669201520912547,32.069,26.695,7.7370370370370365,0.0,0.13307984790874525,526,70
CN_MCI_seed754,0.5,1,119,108,30,71,7,11,0.907563025210084,0.8783068783068784,32.069,26.695,7.7370370370370365,0.0,0.12169312169312169,378,46
CN_MCI_seed754,0.5,2,119,108,30,71,7,11,0.907563025210084,0.9020979020979021,32.069,26.695,7.7370370370370365,0.0,0.0979020979020979,286,28
CN_MCI_seed754,0.5,3,119,108,30,71,7,11,0.907563025210084,0.9308755760368663,32.069,26.695,7.7370370370370365,0.0,0.06912442396313365,217,15
CN_MCI_seed754,0.6,0,119,102,26,69,7,17,0.8571428571428571,0.8897338403041826,31.541153846153847,27.09,6.7649019607843135,0.0,0.11026615969581749,526,58
CN_MCI_seed754,0.6,1,119,102,26,69,7,17,0.8571428571428571,0.9021164021164021,31.541153846153847,27.09,6.7649019607843135,0.0,0.09788359788359788,378,37
CN_MCI_seed754,0.6,2,119,102,26,69,7,17,0.8571428571428571,0.9195804195804196,31.541153846153847,27.09,6.7649019607843135,0.0,0.08041958041958042,286,23
CN_MCI_seed754,0.6,3,119,102,26,69,7,17,0.8571428571428571,0.9447004608294931,31.541153846153847,27.09,6.7649019607843135,0.0,0.055299539170506916,217,12
CN_MCI_seed754,0.7,0,119,100,22,62,16,19,0.8403361344537815,0.9182509505703422,33.17909090909091,27.184999999999995,3.9016,0.0,0.0817490494296578,526,43
CN_MCI_seed754,0.7,1,119,100,22,62,16,19,0.8403361344537815,0.9338624338624338,33.17909090909091,27.184999999999995,3.9016,0.0,0.06613756613756613,378,25
CN_MCI_seed754,0.7,2,119,100,22,62,16,19,0.8403361344537815,0.951048951048951,33.17909090909091,27.184999999999995,3.9016,0.0,0.04895104895104895,286,14
CN_MCI_seed754,0.7,3,119,100,22,62,16,19,0.8403361344537815,0.9585253456221198,33.17909090909091,27.184999999999995,3.9016,0.0,0.041474654377880185,217,9
CN_MCI_seed759,0.3,0,119,110,32,74,4,9,0.9243697478991597,0.8079847908745247,33.0221875,28.040000000000003,8.96290909090909,0.0,0.1920152091254753,526,101
CN_MCI_seed759,0.3,1,119,110,32,74,4,9,0.9243697478991597,0.8412698412698413,33.0221875,28.040000000000003,8.96290909090909,0.0,0.15873015873015872,378,60
CN_MCI_seed759,0.3,2,119,110,32,74,4,9,0.9243697478991597,0.8741258741258742,33.0221875,28.040000000000003,8.96290909090909,0.0,0.1258741258741259,286,36
CN_MCI_seed759,0.3,3,119,110,32,74,4,9,0.9243697478991597,0.8847926267281105,33.0221875,28.040000000000003,8.96290909090909,0.0,0.1152073732718894,217,25
CN_MCI_seed759,0.4,0,119,109,31,73,5,10,0.9159663865546218,0.8384030418250951,33.65096774193549,28.740000000000002,8.792018348623852,0.0,0.16159695817490494,526,85
CN_MCI_seed759,0.4,1,119,109,31,73,5,10,0.9159663865546218,0.8597883597883598,33.65096774193549,28.740000000000002,8.792018348623852,0.0,0.1402116402116402,378,53
CN_MCI_seed759,0.4,2,119,109,31,73,5,10,0.9159663865546218,0.8916083916083917,33.65096774193549,28.740000000000002,8.792018348623852,0.0,0.10839160839160839,286,31
CN_MCI_seed759,0.4,3,119,109,31,73,5,10,0.9159663865546218,0.9032258064516129,33.65096774193549,28.740000000000002,8.792018348623852,0.0,0.0967741935483871,217,21
CN_MCI_seed759,0.5,0,119,109,28,75,6,10,0.9159663865546218,0.8479087452471483,34.386785714285715,28.450000000000003,7.898440366972476,0.0,0.1520912547528517,526,80
CN_MCI_seed759,0.5,1,119,109,28,75,6,10,0.9159663865546218,0.8677248677248677,34.386785714285715,28.450000000000003,7.898440366972476,0.0,0.13227513227513227,378,50
CN_MCI_seed759,0.5,2,119,109,28,75,6,10,0.9159663865546218,0.8986013986013986,34.386785714285715,28.450000000000003,7.898440366972476,0.0,0.10139860139860139,286,29
CN_MCI_seed759,0.5,3,119,109,28,75,6,10,0.9159663865546218,0.9032258064516129,34.386785714285715,28.450000000000003,7.898440366972476,0.0,0.0967741935483871,217,21
CN_MCI_seed759,0.6,0,119,103,25,70,8,16,0.865546218487395,0.8840304182509505,34.312,27.990000000000002,6.898349514563106,0.0,0.11596958174904944,526,61
CN_MCI_seed759,0.6,1,119,103,25,70,8,16,0.865546218487395,0.8994708994708995,34.312,27.990000000000002,6.898349514563106,0.0,0.10052910052910052,378,38
CN_MCI_seed759,0.6,2,119,103,25,70,8,16,0.865546218487395,0.9195804195804196,34.312,27.990000000000002,6.898349514563106,0.0,0.08041958041958042,286,23
CN_MCI_seed759,0.6,3,119,103,25,70,8,16,0.865546218487395,0.9400921658986175,34.312,27.990000000000002,6.898349514563106,0.0,0.059907834101382486,217,13
CN_MCI_seed759,0.7,0,119,100,23,63,14,19,0.8403361344537815,0.9220532319391634,27.842173913043478,25.989999999999995,3.7506,0.0,0.0779467680608365,526,41
CN_MCI_seed759,0.7,1,119,100,23,63,14,19,0.8403361344537815,0.9338624338624338,27.842173913043478,25.989999999999995,3.7506,0.0,0.06613756613756613,378,25
CN_MCI_seed759,0.7,2,119,100,23,63,14,19,0.8403361344537815,0.9405594405594405,27.842173913043478,25.989999999999995,3.7506,0.0,0.05944055944055944,286,17
CN_MCI_seed759,0.7,3,119,100,23,63,14,19,0.8403361344537815,0.9585253456221198,27.842173913043478,25.989999999999995,3.7506,0.0,0.041474654377880185,217,9
