threshold,mask_length,sensitivity_mean,sensitivity_ci_lower,sensitivity_ci_upper,specificity_mean,specificity_ci_lower,specificity_ci_upper,PPV_mean,PPV_ci_lower,PPV_ci_upper,NPV_mean,NPV_ci_lower,NPV_ci_upper,accuracy_mean,accuracy_ci_lower,accuracy_ci_upper,f1_mean,f1_ci_lower,f1_ci_upper,false_alarm_rate_mean,false_alarm_rate_ci_lower,false_alarm_rate_ci_upper,mean_lead_time_mean,mean_lead_time_ci_lower,mean_lead_time_ci_upper,mean_net_lead_time_mean,mean_net_lead_time_ci_lower,mean_net_lead_time_ci_upper
0.05,0,1.0,1.0,1.0,0.053846153846153835,0.04177165217629282,0.06592065551601485,0.5170501476789213,0.5138729425534784,0.5202273528043643,1.0,1.0,1.0,0.5299363057324842,0.5239375087245277,0.5359351027404406,0.6816418380814724,0.678877920434112,0.6844057557288328,0.9461538461538461,0.9340793444839851,0.9582283478237071,19.59084556980057,19.431367778416774,19.750323361184368,6.180708860759493,5.913609145818479,6.447808575700507
0.05,1,1.0,1.0,1.0,0.046341463414634174,0.036437325901375536,0.05624560092789281,0.668938544561675,0.6666391372070196,0.6712379519163304,1.0,1.0,1.0,0.6741666666666667,0.6707827530163033,0.6775505803170301,0.8016295242908731,0.7999782940953307,0.8032807544864154,0.9536585365853659,0.9437543990721073,0.9635626740986245,19.59084556980057,19.431367778416774,19.750323361184368,6.180708860759493,5.913609145818479,6.447808575700507
0.05,2,1.0,1.0,1.0,0.004347826086956519,-0.0054876398382530615,0.0141832920121661,0.77527664531159,0.773541929568423,0.777011361054757,1.0,,,0.7754901960784314,0.7732723949384331,0.7777079972184296,0.8734131368938,0.8723160809339409,0.874510192853659,0.9956521739130434,0.9858167079878338,1.005487639838253,19.59084556980057,19.431367778416774,19.750323361184368,6.180708860759493,5.913609145818479,6.447808575700507
0.05,3,1.0,1.0,1.0,0.00714285714285714,-0.009015408305701455,0.023301122591415736,0.8503856942496494,0.8482969797117689,0.8524744087875299,1.0,,,0.8505376344086022,0.8481052073518299,0.8529700614653745,0.9191418468652252,0.9179266257591387,0.9203570679713116,0.9928571428571429,0.9766988774085843,1.0090154083057015,19.59084556980057,19.431367778416774,19.750323361184368,6.180708860759493,5.913609145818479,6.447808575700507
0.1,0,0.9759493670886077,0.9730858770091163,0.9788128571680991,0.2,0.18429243447188468,0.21570756552811535,0.5527627309916772,0.5484108718409322,0.5571145901424222,0.8919342095812685,0.8828348548314052,0.9010335643311317,0.5904458598726114,0.5836366002108337,0.5972551195343891,0.7057529772113178,0.7026338676437072,0.7088720867789284,0.8,0.7842924344718847,0.8157075655281154,19.147608695652174,19.03007487784592,19.26514251345843,5.360064269064269,5.296541120522779,5.423587417605759
0.1,1,0.9759493670886077,0.9730858770091163,0.9788128571680991,0.2170731707317073,0.201796025471406,0.2323503159920086,0.706088660744624,0.7025073648319965,0.7096699566572514,0.8250757575757575,0.8108828227340168,0.8392686924174981,0.7166666666666667,0.7126924616334963,0.720640871699837,0.8193521182067073,0.8174672137423137,0.8212370226711009,0.7829268292682927,0.7676496840079914,0.798203974528594,19.147608695652174,19.03007487784592,19.26514251345843,5.360064269064269,5.296541120522779,5.423587417605759
0.1,2,0.9759493670886077,0.9730858770091163,0.9788128571680991,0.19130434782608696,0.15787019270747324,0.22473850294470069,0.8057427988173199,0.7993617871240504,0.8121238105105895,0.6956349206349206,0.6660114339792298,0.7252584072906114,0.7990196078431373,0.7922039024405878,0.8058353132456868,0.8826819711941427,0.8791721696386028,0.8861917727496826,0.808695652173913,0.7752614970552993,0.8421298072925267,19.147608695652174,19.03007487784592,19.26514251345843,5.360064269064269,5.296541120522779,5.423587417605759
0.1,3,0.9759493670886077,0.9730858770091163,0.9788128571680991,0.42857142857142855,0.39450681400139687,0.46263604314146023,0.9060528012327624,0.9011062640871074,0.9109993383784175,0.7603174603174603,0.7380778172099757,0.7825571034249449,0.8935483870967742,0.8891820469027569,0.8979147272907915,0.9396809263088567,0.9373568657962499,0.9420049868214635,0.5714285714285714,0.5373639568585398,0.605493185998603,19.147608695652174,19.03007487784592,19.26514251345843,5.360064269064269,5.296541120522779,5.423587417605759
0.15,0,0.9734177215189874,0.970554231439496,0.9762812115984788,0.3179487179487179,0.2920806836637264,0.34381675223370933,0.5913311223120464,0.5819169293322488,0.600745315291844,0.9210888833388834,0.9103662966708393,0.9318114700069274,0.6477707006369426,0.6345213621488671,0.6610200391250182,0.7356537039336632,0.7280998824695782,0.7432075253977483,0.6820512820512821,0.6561832477662906,0.7079193163362736,17.59278809523809,17.450701493407312,17.73487469706887,3.7783257006151745,3.429206990689632,4.127444410540717
0.15,1,0.9734177215189874,0.970554231439496,0.9762812115984788,0.37073170731707317,0.33603065367221957,0.40543276096192676,0.7490342863802419,0.7385368378470468,0.7595317349134371,0.8774417661801562,0.8628039121824583,0.8920796201778541,0.7675,0.7554292722016703,0.7795707277983296,0.8465388944636368,0.8396695047546894,0.8534082841725843,0.6292682926829267,0.5945672390380731,0.6639693463277804,17.59278809523809,17.450701493407312,17.73487469706887,3.7783257006151745,3.429206990689632,4.127444410540717
0.15,2,0.9734177215189874,0.970554231439496,0.9762812115984788,0.3521739130434782,0.32494074105772375,0.3794070850292327,0.8377557918492238,0.8320742973454126,0.8434372863530349,0.7931818181818182,0.7714366995690544,0.8149269367945821,0.8333333333333333,0.8267211278538498,0.8399455388128167,0.9004862092895165,0.8968361275914153,0.9041362909876177,0.6478260869565218,0.6205929149707673,0.6750592589422763,17.59278809523809,17.450701493407312,17.73487469706887,3.7783257006151745,3.429206990689632,4.127444410540717
0.15,3,0.9734177215189874,0.970554231439496,0.9762812115984788,0.4928571428571429,0.4766988774085843,0.5090154083057015,0.9154878336876919,0.9130629601977027,0.9179127071776811,0.7672222222222222,0.7492087485184588,0.7852356959259857,0.9010752688172042,0.8978320327415079,0.9043185048929006,0.9435578203771133,0.9417023420926502,0.9454132986615764,0.5071428571428571,0.49098459169429853,0.5233011225914157,17.59278809523809,17.450701493407312,17.73487469706887,3.7783257006151745,3.429206990689632,4.127444410540717
0.2,0,0.9443037974683544,0.9328498371503887,0.95575775778632,0.4628205128205128,0.4286549848880723,0.4969860407529533,0.6409364376705531,0.6281894012644418,0.6536834740766644,0.8925108422265542,0.877202243445034,0.9078194410080744,0.7050955414012738,0.6910025416996043,0.7191885411029434,0.7633372060827373,0.7553187214864998,0.7713556906789747,0.5371794871794873,0.5030139592470467,0.5713450151119278,17.754399999999997,17.432772896589352,18.07602710341064,2.746908165970585,2.520383585822983,2.9734327461181875
0.2,1,0.9443037974683544,0.9328498371503887,0.95575775778632,0.4926829268292682,0.4669347965209959,0.5184310571375405,0.7821262422387428,0.7738653243742265,0.7903871601032592,0.8229208649643432,0.7952513213212815,0.850590408607405,0.79,0.7799459681653413,0.8000540318346587,0.8555006786716817,0.8486298589002033,0.8623714984431601,0.5073170731707318,0.4815689428624596,0.5330652034790041,17.754399999999997,17.432772896589352,18.07602710341064,2.746908165970585,2.520383585822983,2.9734327461181875
0.2,2,0.9443037974683544,0.9328498371503887,0.95575775778632,0.5347826086956522,0.5018342056209425,0.5677310117703619,0.8746821061483525,0.8671969094646875,0.8821673028320175,0.7398092138339816,0.7033848153153425,0.7762336123526207,0.8519607843137255,0.8417975427133242,0.8621240259141267,0.9080682546182433,0.9015317088443819,0.9146048003921046,0.46521739130434786,0.43226898822963816,0.49816579437905756,17.754399999999997,17.432772896589352,18.07602710341064,2.746908165970585,2.520383585822983,2.9734327461181875
0.2,3,0.9443037974683544,0.9328498371503887,0.95575775778632,0.6357142857142857,0.5980116663343156,0.6734169050942558,0.9360855084762927,0.9299868862972797,0.9421841306553057,0.6737924575424576,0.6316255258436876,0.7159593892412277,0.8978494623655914,0.8874344319406322,0.9082644927905505,0.9400952453096748,0.9337165164562709,0.9464739741630788,0.36428571428571427,0.3265830949057442,0.4019883336656843,17.754399999999997,17.432772896589352,18.07602710341064,2.746908165970585,2.520383585822983,2.9734327461181875
0.25,0,0.9164556962025315,0.9050017358845659,0.9279096565204972,0.5948717948717949,0.5681507401751626,0.6215928495684271,0.6966611401899555,0.6839606572531606,0.7093616231267504,0.8760243270251369,0.862658615041354,0.8893900390089198,0.756687898089172,0.7451609826099455,0.7682148135683986,0.7913637134507612,0.7834899274949092,0.7992374994066131,0.40512820512820513,0.3784071504315729,0.43184925982483735,17.046742690058476,16.640731660658727,17.452753719458226,2.013411915339998,1.7054493967340916,2.3213744339459046
0.25,1,0.9164556962025315,0.9050017358845659,0.9279096565204972,0.5926829268292684,0.5666084447097781,0.6187574089487586,0.8128402006293778,0.8042633020033312,0.8214170992554244,0.7879130713588116,0.7689041297903125,0.8069220129273107,0.8058333333333334,0.7995182227440141,0.8121484439226527,0.8613836777501369,0.8569828962300801,0.8657844592701938,0.40731707317073174,0.3812425910512414,0.43339155529022205,17.046742690058476,16.640731660658727,17.452753719458226,2.013411915339998,1.7054493967340916,2.3213744339459046
0.25,2,0.9164556962025315,0.9050017358845659,0.9279096565204972,0.6478260869565219,0.6205929149707674,0.6750592589422764,0.899420901104102,0.8921913726787185,0.9066504295294855,0.6944844819558778,0.6618384815119088,0.7271304823998467,0.8558823529411766,0.8439391282928353,0.867825577589518,0.9078012512648878,0.8999556360951956,0.9156468664345799,0.3521739130434782,0.3249407410577237,0.37940708502923276,17.046742690058476,16.640731660658727,17.452753719458226,2.013411915339998,1.7054493967340916,2.3213744339459046
0.25,3,0.9164556962025315,0.9050017358845659,0.9279096565204972,0.75,0.7230695575857357,0.7769304424142643,0.9539323601955181,0.9492521361455322,0.958612584245504,0.6168924148606811,0.5838789166055118,0.6499059131158504,0.8913978494623654,0.8815006640791301,0.9012950348456008,0.9347420274658941,0.9284932136501941,0.940990841281594,0.25,0.22306955758573566,0.27693044241426434,17.046742690058476,16.640731660658727,17.452753719458226,2.013411915339998,1.7054493967340916,2.3213744339459046
0.3,0,0.8620253164556961,0.8568851944551442,0.867165438456248,0.6935897435897436,0.6760547801102696,0.7111247070692175,0.7405127869035786,0.729816251534519,0.7512093222726381,0.8322854635844893,0.8270167631684991,0.8375541640004794,0.778343949044586,0.7700807593547514,0.7866071387344207,0.7965646085696803,0.7904504988457571,0.8026787182936034,0.3064102564102564,0.2888752929307824,0.32394521988973035,17.036767261904764,16.670793621438325,17.402740902371203,0.6098719446247026,0.40161224317318234,0.8181316460762229
0.3,1,0.8620253164556961,0.8568851944551442,0.867165438456248,0.7024390243902439,0.6864056675332616,0.7184723812472261,0.8481598639650251,0.8411892286600038,0.8551304992700464,0.7254341529245252,0.7165752962901063,0.734293009558944,0.8074999999999999,0.8009395516247386,0.8140604483752611,0.8550032289631566,0.8503332986399559,0.8596731592863573,0.2975609756097561,0.2815276187527739,0.3135943324667383,17.036767261904764,16.670793621438325,17.402740902371203,0.6098719446247026,0.40161224317318234,0.8181316460762229
0.3,2,0.8620253164556961,0.8568851944551442,0.867165438456248,0.7608695652173914,0.7187566161077736,0.8029825143270091,0.9255115389361965,0.9131325950381074,0.9378904828342857,0.6155701514322203,0.5973179491579002,0.6338223537065404,0.8392156862745098,0.8276679658512454,0.8507634066977743,0.8925813925388484,0.8853084975804897,0.8998542874972071,0.2391304347826087,0.19701748567299104,0.28124338389222636,17.036767261904764,16.670793621438325,17.402740902371203,0.6098719446247026,0.40161224317318234,0.8181316460762229
0.3,3,0.8620253164556961,0.8568851944551442,0.867165438456248,0.8285714285714286,0.8021850915864872,0.85495776555637,0.9659942991281019,0.9609089718953474,0.9710796263608563,0.51562205910032,0.5025005496153716,0.5287435685852684,0.856989247311828,0.850656626434554,0.8633218681891021,0.9110327866423692,0.9070530290235513,0.915012544261187,0.1714285714285714,0.14504223444362999,0.19781490841351282,17.036767261904764,16.670793621438325,17.402740902371203,0.6098719446247026,0.40161224317318234,0.8181316460762229
0.35,0,0.8151898734177216,0.808858458628003,0.8215212882074403,0.7589743589743589,0.7517399854203184,0.7662087325283995,0.7740690986944292,0.7681030722604146,0.7800351251284438,0.8021875848451192,0.795955778375939,0.8084193913142994,0.7872611464968153,0.781497688757202,0.7930246042364286,0.7940814787529468,0.7885489379423164,0.7996140195635771,0.241025641025641,0.23379126747160042,0.24826001457968158,16.59103534798535,16.21490381435651,16.96716688161419,0.14587211538461542,-0.32326886122338977,0.6150130919926207
0.35,1,0.8151898734177216,0.808858458628003,0.8215212882074403,0.7634146341463415,0.751638314343093,0.7751909539495899,0.8691396396396398,0.8632633586254045,0.8750159206538751,0.6819806763285025,0.6733157179018361,0.6906456347551688,0.7975,0.7911848894106807,0.8038151105893193,0.8412741134985,0.8362574835595056,0.8462907434374944,0.23658536585365858,0.2248090460504102,0.24836168565690697,16.59103534798535,16.21490381435651,16.96716688161419,0.14587211538461542,-0.32326886122338977,0.6150130919926207
0.35,2,0.8151898734177216,0.808858458628003,0.8215212882074403,0.8608695652173912,0.8477556106504451,0.8739835197843373,0.9526757921621837,0.9483286288080619,0.9570229555163055,0.5757236227824463,0.5656137463401478,0.5858334992247447,0.8254901960784313,0.8190454153810169,0.8319349767758457,0.8785655480898076,0.8738639597537183,0.8832671364258968,0.13913043478260867,0.12601648021566256,0.15224438934955478,16.59103534798535,16.21490381435651,16.96716688161419,0.14587211538461542,-0.32326886122338977,0.6150130919926207
0.35,3,0.8151898734177216,0.808858458628003,0.8215212882074403,0.8642857142857144,0.8481274488371559,0.880443979734273,0.9713464147792508,0.9679456693851844,0.9747471601733171,0.4533984533984534,0.4427591679070196,0.46403773888988725,0.8225806451612903,0.8160436938660792,0.8291175964565013,0.8864230042512989,0.8819594093145534,0.8908865991880445,0.1357142857142857,0.1195560202657271,0.15187255116284432,16.59103534798535,16.21490381435651,16.96716688161419,0.14587211538461542,-0.32326886122338977,0.6150130919926207
0.4,0,0.7746835443037974,0.7635522957005433,0.7858147929070515,0.7935897435897437,0.785559449286252,0.8016200378932353,0.7918028753271924,0.7859055754259084,0.7977001752284764,0.7768349209295566,0.7688521108563562,0.7848177310027571,0.784076433121019,0.7786214084113262,0.7895314578307119,0.7830565604725954,0.7767316194707515,0.7893815014744393,0.20641025641025643,0.1983799621067647,0.21444055071374815,15.264095654345656,14.69980633156327,15.828384977128042,-1.1363788179128098,-1.5871012021852067,-0.685656433640413
0.4,1,0.7746835443037974,0.7635522957005433,0.7858147929070515,0.7804878048780488,0.7688559852687697,0.7921196244873279,0.8717693844224769,0.8648115439427296,0.8787272249022241,0.6428187274909964,0.6293808302533811,0.6562566247286118,0.7766666666666666,0.7666126348320079,0.7867206985013253,0.8203244148188368,0.8116450595426371,0.8290037700950365,0.21951219512195125,0.20788037551267216,0.23114401473123034,15.264095654345656,14.69980633156327,15.828384977128042,-1.1363788179128098,-1.5871012021852067,-0.685656433640413
0.4,2,0.7746835443037974,0.7635522957005433,0.7858147929070515,0.8695652173913043,0.8695652173913043,0.8695652173913043,0.9532554877917783,0.9526102849326591,0.9539006906508974,0.5295990322306111,0.5174092278249901,0.5417888366362321,0.7960784313725491,0.7874571701994405,0.8046996925456577,0.8546723945674065,0.8476158120537788,0.8617289770810342,0.13043478260869562,0.1304347826086956,0.13043478260869565,15.264095654345656,14.69980633156327,15.828384977128042,-1.1363788179128098,-1.5871012021852067,-0.685656433640413
0.4,3,0.7746835443037974,0.7635522957005433,0.7858147929070515,0.9214285714285715,0.9052703059800129,0.9375868368771301,0.9823554320591272,0.9788036348618046,0.9859072292564499,0.42074034280513706,0.40776088912138625,0.43371979648888787,0.7967741935483871,0.7868770081651517,0.8066713789316224,0.8661686361720641,0.8588813958090661,0.8734558765350621,0.07857142857142856,0.06241316312286996,0.09472969401998715,15.264095654345656,14.69980633156327,15.828384977128042,-1.1363788179128098,-1.5871012021852067,-0.685656433640413
0.45,0,0.7341772151898734,0.7246322482582355,0.7437221821215114,0.8307692307692307,0.8194952738505503,0.8420431876879111,0.8148525908278736,0.8053807738781303,0.824324407777617,0.7553361344537814,0.7493814847929302,0.7612907841146327,0.7821656050955414,0.7765645309575984,0.7877666792334845,0.7722855218411161,0.7663758136442599,0.7781952300379723,0.16923076923076924,0.15795681231208886,0.18050472614944962,14.172962121212123,13.601748480878307,14.74417576154594,-4.030448043142632,-4.63435468641749,-3.426541399867775
0.45,1,0.7341772151898734,0.7246322482582355,0.7437221821215114,0.8170731707317074,0.8047357629468176,0.8294105785165972,0.8855776125030955,0.87889381342907,0.892261411577121,0.6148331560124014,0.6062145660774818,0.623451745947321,0.7625,0.7554745316780488,0.7695254683219511,0.8027259962147605,0.7962385091817686,0.8092134832477523,0.18292682926829268,0.1705894214834028,0.19526423705318255,14.172962121212123,13.601748480878307,14.74417576154594,-4.030448043142632,-4.63435468641749,-3.426541399867775
0.45,2,0.7341772151898734,0.7246322482582355,0.7437221821215114,0.8695652173913043,0.8695652173913043,0.8695652173913043,0.950806317166955,0.9501919553192724,0.9514206790146376,0.4880911865597062,0.4792374893319517,0.49694488378746066,0.7647058823529411,0.7573132118862803,0.7720985528196019,0.8285113988893462,0.8221740882296438,0.8348487095490487,0.13043478260869562,0.1304347826086956,0.13043478260869565,14.172962121212123,13.601748480878307,14.74417576154594,-4.030448043142632,-4.63435468641749,-3.426541399867775
0.45,3,0.7341772151898734,0.7246322482582355,0.7437221821215114,0.9285714285714286,0.9285714285714286,0.9285714285714286,0.98304592574364,0.9828269361089271,0.9832649153783529,0.3826784653255242,0.3743298318991736,0.39102709875187475,0.7634408602150538,0.7553327700258129,0.7715489504042946,0.8405185572079235,0.8341548879452146,0.8468822264706323,0.07142857142857142,0.07142857142857142,0.07142857142857142,14.172962121212123,13.601748480878307,14.74417576154594,-4.030448043142632,-4.63435468641749,-3.426541399867775
0.5,0,0.7088607594936709,0.7045921205132448,0.713129398474097,0.885897435897436,0.8733298961041126,0.8984649756907593,0.863246580360206,0.8501841081521996,0.8763090525682123,0.7502518476558502,0.747184306667921,0.7533193886437793,0.7968152866242039,0.7909526226710772,0.8026779505773305,0.7783662562892053,0.7732314614952795,0.7835010510831311,0.1141025641025641,0.10153502430924075,0.12667010389588745,13.084384920634923,12.472586326370807,13.696183514899039,-6.686143005240373,-7.307082252335239,-6.065203758145507
0.5,1,0.7088607594936709,0.7045921205132448,0.713129398474097,0.8658536585365854,0.8535162507516955,0.8781910663214753,0.9106736168819722,0.9030790670068106,0.9182681667571339,0.6068223671393562,0.6019758780155654,0.611668856263147,0.7625,0.7574338627462114,0.7675661372537885,0.7971591547345197,0.7930760930964081,0.8012422163726313,0.13414634146341461,0.12180893367852476,0.14648374924830448,13.084384920634923,12.472586326370807,13.696183514899039,-6.686143005240373,-7.307082252335239,-6.065203758145507
0.5,2,0.7088607594936709,0.7045921205132448,0.713129398474097,0.9,0.8790074299159485,0.9209925700840516,0.9606078316773816,0.9524972370261886,0.9687184263285746,0.47362579281183936,0.4648859572730427,0.482365628350636,0.7519607843137255,0.744531242443938,0.759390326183513,0.8157410345921929,0.8104094373190455,0.8210726318653404,0.1,0.07900742991594854,0.12099257008405147,13.084384920634923,12.472586326370807,13.696183514899039,-6.686143005240373,-7.307082252335239,-6.065203758145507
0.5,3,0.7088607594936709,0.7045921205132448,0.713129398474097,0.9285714285714286,0.9285714285714286,0.9285714285714286,0.982455060063953,0.9823512226273834,0.9825588975005226,0.3611668811668812,0.35778059153188835,0.3645531708018741,0.7419354838709677,0.7383094357047995,0.745561532037136,0.823516689725363,0.8205993194328646,0.8264340600178613,0.07142857142857142,0.07142857142857142,0.07142857142857142,13.084384920634923,12.472586326370807,13.696183514899039,-6.686143005240373,-7.307082252335239,-6.065203758145507
0.55,0,0.6822784810126583,0.6732737772187406,0.691283184806576,0.9256410256410257,0.9184066520869851,0.9328753991950662,0.9029633550826699,0.8941608797837729,0.9117658303815669,0.7420888880388145,0.7364046089008454,0.7477731671767835,0.8031847133757962,0.7973220494226696,0.8090473773289228,0.7771838692622091,0.7700831269827971,0.784284611541621,0.07435897435897436,0.06712460080493377,0.08159334791301495,12.059391666666667,11.59312596687129,12.525657366462044,-9.139820513309193,-9.756677273571283,-8.522963753047103
0.55,1,0.6822784810126583,0.6732737772187406,0.691283184806576,0.8902439024390244,0.8779064946541345,0.9025813102239143,0.9230105509243595,0.9146508055323572,0.9313702963163617,0.5926171589735842,0.5843201773313875,0.600914140615781,0.7533333333333334,0.7452861814677804,0.7613804851988865,0.7845356634213977,0.7770144475606224,0.7920568792821729,0.10975609756097562,0.09741868977608575,0.1220935053458655,12.059391666666667,11.59312596687129,12.525657366462044,-9.139820513309193,-9.756677273571283,-8.522963753047103
0.55,2,0.6822784810126583,0.6732737772187406,0.691283184806576,0.9434782608695654,0.9284543385037548,0.9585021832353761,0.9764876205665679,0.9703455686513652,0.9826296724817706,0.4638151403021894,0.4551484483694883,0.4724818322348905,0.7411764705882353,0.7329443411541513,0.7494086000223193,0.8032305118957769,0.7962576712937786,0.8102033524977752,0.056521739130434775,0.041497816764624176,0.07154566149624537,12.059391666666667,11.59312596687129,12.525657366462044,-9.139820513309193,-9.756677273571283,-8.522963753047103
0.55,3,0.6822784810126583,0.6732737772187406,0.691283184806576,0.9285714285714286,0.9285714285714286,0.9285714285714286,0.9817797017797018,0.9815444078647405,0.982014995694663,0.3414177335229967,0.3350106511465906,0.3478248158994028,0.7193548387096775,0.7117056817234464,0.7270039956959087,0.8050191814528029,0.7986794810998722,0.8113588818057337,0.07142857142857142,0.07142857142857142,0.07142857142857142,12.059391666666667,11.59312596687129,12.525657366462044,-9.139820513309193,-9.756677273571283,-8.522963753047103
0.6,0,0.660759493670886,0.6536166944656308,0.6679022928761413,0.941025641025641,0.9346130542514388,0.9474382277998432,0.9190949159733188,0.9107690814850692,0.9274207504615685,0.7325584205479372,0.7279228691806222,0.7371939719152522,0.8,0.7946517375651174,0.8053482624348827,0.7687615320183587,0.7623480279384549,0.7751750360982625,0.05897435897435897,0.05256177220015678,0.06538694574856116,11.72805,10.741433055650214,12.714666944349785,-11.3259019109821,-11.809181165292248,-10.842622656671953
0.6,1,0.660759493670886,0.6536166944656308,0.6679022928761413,0.9146341463414636,0.9022967385565737,0.9269715541263535,0.9372600060757955,0.928623123187348,0.9458968889642431,0.5832331904206904,0.5766083122719404,0.5898580685694405,0.7474999999999999,0.7405878531136721,0.7544121468863277,0.7750395327896367,0.7686634549856572,0.7814156105936161,0.08536585365853658,0.07302844587364671,0.09770326144342645,11.72805,10.741433055650214,12.714666944349785,-11.3259019109821,-11.809181165292248,-10.842622656671953
0.6,2,0.660759493670886,0.6536166944656308,0.6679022928761413,0.9565217391304349,0.9565217391304348,0.956521739130435,0.9811992689351181,0.9809988411325227,0.9813996967377135,0.4509251700680272,0.44573707421201514,0.4561132659240392,0.7274509803921569,0.7219188123802436,0.7329831484040703,0.7896736984724129,0.7844973035029447,0.7948500934418811,0.04347826086956521,0.0434782608695652,0.043478260869565216,11.72805,10.741433055650214,12.714666944349785,-11.3259019109821,-11.809181165292248,-10.842622656671953
0.6,3,0.660759493670886,0.6536166944656308,0.6679022928761413,0.9285714285714286,0.9285714285714286,0.9285714285714286,0.9811992689351181,0.9809988411325227,0.9813996967377135,0.32674796747967483,0.3221433484475815,0.33135258651176813,0.7010752688172044,0.6950077297073639,0.7071428079270449,0.7896736984724129,0.7844973035029447,0.7948500934418811,0.07142857142857142,0.07142857142857142,0.07142857142857142,11.72805,10.741433055650214,12.714666944349785,-11.3259019109821,-11.809181165292248,-10.842622656671953
0.65,0,0.6126582278481012,0.6029242333198972,0.6223922223763052,0.95,0.944793978999441,0.955206021000559,0.9254784712143203,0.9181397355038267,0.9328172069248138,0.7077930760223655,0.7023972112906243,0.7131889407541068,0.7802547770700637,0.7744713419473617,0.7860382121927658,0.7371805257539699,0.7291514097799621,0.7452096417279777,0.049999999999999996,0.044793978999440966,0.055206021000559026,11.640555555555556,10.663402752269144,12.617708358841968,-13.475193748151435,-14.14305499460694,-12.80733250169593
0.65,1,0.6126582278481012,0.6029242333198972,0.6223922223763052,0.9341463414634147,0.9223700216601664,0.945922661266663,0.9472277317312991,0.9378738111392565,0.9565816523233418,0.5559567018991197,0.5483896252432474,0.563523778554992,0.7225,0.7140460522211994,0.7309539477788006,0.7439891193855556,0.7353218994772265,0.7526563392938846,0.06585365853658535,0.05407733873333698,0.07762997833983373,11.640555555555556,10.663402752269144,12.617708358841968,-13.475193748151435,-14.14305499460694,-12.80733250169593
0.65,2,0.6126582278481012,0.6029242333198972,0.6223922223763052,0.9608695652173914,0.9510340992921819,0.970705031142601,0.9817482908056838,0.977149902365496,0.9863466792458716,0.41949429408918865,0.4125570666752543,0.42643152150312297,0.6911764705882353,0.682911213738881,0.6994417274375896,0.7544084266831359,0.746517922788472,0.7622989305777998,0.03913043478260869,0.029294968857399108,0.048965900707818276,11.640555555555556,10.663402752269144,12.617708358841968,-13.475193748151435,-14.14305499460694,-12.80733250169593
0.65,3,0.6126582278481012,0.6029242333198972,0.6223922223763052,0.9357142857142857,0.9195560202657271,0.9518725511628443,0.9817482908056838,0.977149902365496,0.9863466792458716,0.299910924936203,0.29307216779732903,0.306749682075077,0.6612903225806452,0.6522252021652244,0.6703554429960661,0.7544084266831359,0.746517922788472,0.7622989305777998,0.06428571428571428,0.04812744883715568,0.08044397973427288,11.640555555555556,10.663402752269144,12.617708358841968,-13.475193748151435,-14.14305499460694,-12.80733250169593
0.7,0,0.5506329113924051,0.5369665985341968,0.5642992242506134,0.9666666666666666,0.9568078773368189,0.9765254559965142,0.9443118219190729,0.9289125801279051,0.9597110637102407,0.6799997912792649,0.6740347217511449,0.685964860807385,0.7573248407643314,0.7510810948797503,0.7635685866489125,0.6952932924891173,0.6854576559936799,0.7051289289845547,0.033333333333333326,0.02347454400348569,0.04319212266318096,12.05,,,-14.388936512678423,-14.942731549805266,-13.83514147555158
0.7,1,0.5506329113924051,0.5369665985341968,0.5642992242506134,0.9634146341463415,0.9445689324617431,0.98226033583094,0.9674842187336002,0.9511577188600044,0.983810718607196,0.526780777501758,0.5200624155864358,0.5334991394170802,0.6916666666666667,0.6837182566003259,0.6996150767330074,0.7014602606455198,0.6917522565758699,0.7111682647151697,0.03658536585365854,0.017739664169060122,0.05543106753825696,12.05,,,-14.388936512678423,-14.942731549805266,-13.83514147555158
0.7,2,0.5506329113924051,0.5369665985341968,0.5642992242506134,0.9695652173913045,0.9545412950254939,0.9845891397571152,0.9842312786449352,0.9764366024868361,0.9920259548030343,0.38601913536031784,0.3775472662047496,0.3944910045158861,0.6450980392156862,0.6337412033516091,0.6564548750797633,0.7060069641756057,0.6944368308260718,0.7175770975251397,0.030434782608695653,0.015410860242885053,0.045458704974506256,12.05,,,-14.388936512678423,-14.942731549805266,-13.83514147555158
0.7,3,0.5506329113924051,0.5369665985341968,0.5642992242506134,0.95,0.9253178418275968,0.9746821581724031,0.9842312786449352,0.9764366024868361,0.9920259548030343,0.27272697515639005,0.2643733990771039,0.2810805512356762,0.6107526881720431,0.5982968036759585,0.6232085726681277,0.7060069641756057,0.6944368308260718,0.7175770975251397,0.05,0.02531784182759687,0.07468215817240313,12.05,,,-14.388936512678423,-14.942731549805266,-13.83514147555158
0.75,0,0.5164556962025316,0.50059840618551,0.5323129862195533,0.985897435897436,0.982997234406669,0.9887976373882029,0.9738666337758793,0.9692176817360308,0.9785155858157278,0.6682569778108982,0.6612701802782934,0.675243775343503,0.7496815286624203,0.742225451595398,0.7571376057294427,0.6746815293145743,0.6614093615127603,0.6879536971163882,0.014102564102564103,0.011202362611797174,0.017002765593331033,,,,-16.034570611987448,-16.570026054327638,-15.499115169647258
0.75,1,0.5164556962025316,0.50059840618551,0.5323129862195533,0.9975609756097562,0.9920435191151264,1.003078432104386,0.9977272727272727,0.9925860064481858,1.0028685390063594,0.5172885735779917,0.5096501521956885,0.5249269949602949,0.6808333333333334,0.6710782991706459,0.6905883674960209,0.6803076898830346,0.6669868560158977,0.6936285237501715,0.0024390243902439024,-0.0030784321043858657,0.007956480884873671,,,,-16.034570611987448,-16.570026054327638,-15.499115169647258
0.75,2,0.5164556962025316,0.50059840618551,0.5323129862195533,1.0,1.0,1.0,1.0,1.0,1.0,0.376092751636577,0.3684307786282323,0.3837547246449217,0.6254901960784314,0.6132085694966205,0.6377718226602422,0.6808807939747312,0.6670449862339348,0.6947166017155276,0.0,0.0,0.0,,,,-16.034570611987448,-16.570026054327638,-15.499115169647258
0.75,3,0.5164556962025316,0.50059840618551,0.5323129862195533,1.0,1.0,1.0,1.0,1.0,1.0,0.26846960627648747,0.2620614008217512,0.2748778117312237,0.589247311827957,0.5757771407382289,0.602717482917685,0.6808807939747312,0.6670449862339348,0.6947166017155276,0.0,0.0,0.0,,,,-16.034570611987448,-16.570026054327638,-15.499115169647258
0.8,0,0.4759493670886076,0.46720126039459126,0.4846974737826239,0.9871794871794872,0.9871794871794872,0.9871794871794872,0.9740784002626107,0.9736062284835405,0.9745505720416809,0.650376605227054,0.6466000755360268,0.6541531349180811,0.729936305732484,0.7255343921730746,0.7343382192918935,0.6393726907358427,0.6313330083255569,0.6474123731461284,0.01282051282051282,0.01282051282051282,0.01282051282051282,,,,-18.572522321917056,-19.223080877797337,-17.921963766036775
0.8,1,0.4759493670886076,0.46720126039459126,0.4846974737826239,1.0,1.0,1.0,1.0,1.0,1.0,0.4976339219311107,0.49349104294472773,0.5017768009174938,0.655,0.6492408297597726,0.6607591702402275,0.6448557794114678,0.6367794379259732,0.6529321208969623,0.0,0.0,0.0,,,,-18.572522321917056,-19.223080877797337,-17.921963766036775
0.8,2,0.4759493670886076,0.46720126039459126,0.4846974737826239,1.0,1.0,1.0,1.0,1.0,1.0,0.3572145215895216,0.35341704570399857,0.36101199747504464,0.5941176470588234,0.5873421526585559,0.6008931414590909,0.6448557794114678,0.6367794379259732,0.6529321208969623,0.0,0.0,0.0,,,,-18.572522321917056,-19.223080877797337,-17.921963766036775
0.8,3,0.4759493670886076,0.46720126039459126,0.4846974737826239,1.0,1.0,1.0,1.0,1.0,1.0,0.2527760056707425,0.2496568150753623,0.25589519626612267,0.5548387096774194,0.5474075222706744,0.5622698970841645,0.6448557794114678,0.6367794379259732,0.6529321208969623,0.0,0.0,0.0,,,,-18.572522321917056,-19.223080877797337,-17.921963766036775
0.85,0,0.45443037974683537,0.44774890289468877,0.46111185659898196,0.9961538461538462,0.9917237151998252,1.0005839771078673,0.991891891891892,0.9825526969077395,1.0012310868760446,0.6432286837331184,0.640352874085884,0.6461044933803527,0.7235668789808918,0.7197245738211496,0.7274091841406339,0.623220469411312,0.6167477917512957,0.6296931470713284,0.0038461538461538464,-0.0005839771078672276,0.008276284800174921,,,,-21.226994391450273,-21.631417129179393,-20.822571653721152
0.85,1,0.45443037974683537,0.44774890289468877,0.46111185659898196,1.0,1.0,1.0,1.0,1.0,1.0,0.48754819944228744,0.48452788219215737,0.4905685166924175,0.6408333333333334,0.6364346944056701,0.6452319722609966,0.6248396598161096,0.618458917833261,0.6312204017989581,0.0,0.0,0.0,,,,-21.226994391450273,-21.631417129179393,-20.822571653721152
0.85,2,0.45443037974683537,0.44774890289468877,0.46111185659898196,1.0,1.0,1.0,1.0,1.0,1.0,0.3479960235842589,0.3452625710728466,0.35072947609567123,0.5774509803921568,0.5722761110654943,0.5826258497188194,0.6248396598161096,0.618458917833261,0.6312204017989581,0.0,0.0,0.0,,,,-21.226994391450273,-21.631417129179393,-20.822571653721152
0.85,3,0.45443037974683537,0.44774890289468877,0.46111185659898196,1.0,1.0,1.0,1.0,1.0,1.0,0.24522004162949745,0.242995842939866,0.2474442403191289,0.5365591397849462,0.5308834766524776,0.5422348029174148,0.6248396598161096,0.618458917833261,0.6312204017989581,0.0,0.0,0.0,,,,-21.226994391450273,-21.631417129179393,-20.822571653721152
0.9,0,0.42784810126582273,0.41756785726471884,0.4381283452669266,1.0,1.0,1.0,1.0,1.0,1.0,0.633165041080342,0.6290110679879702,0.6373190141727137,0.7121019108280253,0.7069290491968966,0.717274772459154,0.5991623776614461,0.5890216352672558,0.6093031200556364,0.0,0.0,0.0,,,,-23.0439795231729,-23.93775184919999,-22.15020719714581
0.9,1,0.42784810126582273,0.41756785726471884,0.4381283452669266,1.0,1.0,1.0,1.0,1.0,1.0,0.4757118117349732,0.47126006999841186,0.4801635534715345,0.6233333333333333,0.6165655060326065,0.6301011606340601,0.5991623776614461,0.5890216352672558,0.6093031200556364,0.0,0.0,0.0,,,,-23.0439795231729,-23.93775184919999,-22.15020719714581
0.9,2,0.42784810126582273,0.41756785726471884,0.4381283452669266,1.0,1.0,1.0,1.0,1.0,1.0,0.3373268113215436,0.3333437867049032,0.3413098359381839,0.5568627450980392,0.5489005953324784,0.5648248948636001,0.5991623776614461,0.5890216352672558,0.6093031200556364,0.0,0.0,0.0,,,,-23.0439795231729,-23.93775184919999,-22.15020719714581
0.9,3,0.42784810126582273,0.41756785726471884,0.4381283452669266,1.0,1.0,1.0,1.0,1.0,1.0,0.23656402001833202,0.2333500840519486,0.23977795598471544,0.513978494623656,0.5052458142356214,0.5227111750116905,0.5991623776614461,0.5890216352672558,0.6093031200556364,0.0,0.0,0.0,,,,-23.0439795231729,-23.93775184919999,-22.15020719714581
0.95,0,0.320253164556962,0.3097537009321602,0.3307526281817638,1.0,1.0,1.0,1.0,1.0,1.0,0.5922965463624362,0.5885569365517723,0.5960361561731001,0.6579617834394904,0.6526786138448449,0.6632449530341359,0.4849710059739369,0.47295776203336193,0.49698424991451184,0.0,0.0,0.0,,,,-26.565588703703703,-27.761221631109915,-25.36995577629749
0.95,1,0.320253164556962,0.3097537009321602,0.3307526281817638,1.0,1.0,1.0,1.0,1.0,1.0,0.4330047697744705,0.42919889446370246,0.43681064508523854,0.5525,0.5455878531136722,0.5594121468863278,0.4849710059739369,0.47295776203336193,0.49698424991451184,0.0,0.0,0.0,,,,-26.565588703703703,-27.761221631109915,-25.36995577629749
0.95,2,0.320253164556962,0.3097537009321602,0.3307526281817638,1.0,1.0,1.0,1.0,1.0,1.0,0.29993157719473507,0.2966738629439127,0.30318929144555745,0.47352941176470587,0.465397474251379,0.4816613492780327,0.4849710059739369,0.47295776203336193,0.49698424991451184,0.0,0.0,0.0,,,,-26.565588703703703,-27.761221631109915,-25.36995577629749
0.95,3,0.320253164556962,0.3097537009321602,0.3307526281817638,1.0,1.0,1.0,1.0,1.0,1.0,0.20684955830010607,0.20430262243601166,0.20939649416420048,0.4225806451612903,0.4136617459531253,0.43149954436945526,0.4849710059739369,0.47295776203336193,0.49698424991451184,0.0,0.0,0.0,,,,-26.565588703703703,-27.761221631109915,-25.36995577629749
